Domain,Status,Attractiveness,Demand,Length,Sectors,Created,Expires,Registrar
one.rsvp,available,132,44%,3,"Business,General,Media,Technology",,,
brief.rsvp,available,124,19%,5,"Business,Education,General,Law",,,
second.rsvp,available,120,23%,6,"General,Mathematics",,,
complete.rsvp,available,120,21%,8,"Manufacturing,Retail,Technology",,,
wizard.rsvp,available,118,42%,6,"Entertainment,Media,Technology",,,
equal.rsvp,available,116,19%,5,"Education,General,Law",,,
tenth.rsvp,available,116,7%,5,Mathematics,,,
flat.rsvp,available,116,24%,4,"Construction,Real Estate",,,
tonic.rsvp,available,114,22%,5,"Health and Fitness,Medicine,Science",,,
zero.rsvp,available,112,49%,4,Mathematics,,,
hotshot.rsvp,available,112,14%,7,"Business,Entertainment,Sports",,,
above.rsvp,available,112,22%,5,Business,,,
acute.rsvp,available,112,9%,5,"Mathematics,Medicine,Science",,,
abstract.rsvp,available,108,29%,8,"Arts,Humanities,Science",,,
abiding.rsvp,available,106,5%,7,"General,Religion",,,
teen.rsvp,available,104,14%,4,"Education,Entertainment,Healthcare",,,
active.rsvp,available,104,27%,6,"Health and Fitness,Sports,Travel",,,
expert.rsvp,available,104,26%,6,"Business,Education,Technology",,,
captive.rsvp,available,102,14%,7,"Entertainment,Hospitality,Technology",,,
eight.rsvp,available,102,23%,5,"General,Mathematics",,,
absent.rsvp,available,102,8%,6,"Business,Education,Technology",,,
extra.rsvp,available,102,26%,5,"Fashion,Retail,Technology",,,
remove.rsvp,available,100,13%,6,"Construction,Manufacturing,Technology",,,
ninth.rsvp,available,100,9%,5,Mathematics,,,
sixth.rsvp,available,100,8%,5,Mathematics,,,
whiz.rsvp,available,100,12%,4,"Business,Education,Technology",,,
abrupt.rsvp,available,100,3%,6,"Medicine,Science",,,
third.rsvp,available,100,16%,5,Mathematics,,,
crack.rsvp,available,100,20%,5,Sports,,,
adjunct.rsvp,available,100,5%,7,Education,,,
eighth.rsvp,available,100,6%,6,Mathematics,,,
genius.rsvp,available,98,46%,6,"Arts,Education,Technology",,,
whizz.rsvp,available,98,11%,5,"Business,Education,Technology",,,
academic.rsvp,available,96,20%,8,"Education,Humanities,Science",,,
doable.rsvp,available,96,9%,6,"Business,Education,Technology",,,
actual.rsvp,available,96,22%,6,"Real Estate,Retail,Technology",,,
forgiving.rsvp,available,96,3%,9,"Healthcare,Religion",,,
alamode.rsvp,available,96,12%,9,Fashion,,,
virtuoso.rsvp,available,94,16%,8,"Arts,Entertainment",,,
adequate.rsvp,available,94,9%,8,"Education,Healthcare,Technology",,,
abject.rsvp,available,94,7%,6,Humanities,,,
about.rsvp,available,94,28%,5,"Business,General,Media,Technology",,,
around.rsvp,available,94,22%,6,"Business,General,Media,Technology",,,
exemplary.rsvp,available,92,5%,9,"Business,Education,Healthcare",,,
neutral.rsvp,available,92,20%,7,"Business,Media,Politics",,,
adept.rsvp,available,92,24%,5,"Education,Health and Fitness,Sports",,,
adjective.rsvp,available,92,5%,9,Education,,,
abroad.rsvp,available,92,12%,6,"Hospitality,Travel",,,
derelict.rsvp,available,92,7%,8,"Construction,Real Estate",,,
twentieth.rsvp,available,92,3%,9,Mathematics,,,
nought.rsvp,available,92,4%,6,Mathematics,,,
next.rsvp,available,92,43%,4,"Retail,Technology,Transportation",,,
additional.rsvp,available,90,8%,10,"Fashion,Retail,Technology",,,
addictive.rsvp,available,90,9%,9,Healthcare,,,
endearing.rsvp,available,90,1%,9,"Entertainment,Fashion,Retail",,,
abortive.rsvp,available,90,1%,8,"Medicine,Science",,,
leash.rsvp,available,90,7%,5,"General,Health and Fitness,Retail",,,
adoring.rsvp,available,90,2%,7,"Entertainment,Fashion,Retail",,,
riveting.rsvp,available,90,6%,8,"Entertainment,Media,Technology",,,
clear.rsvp,available,90,47%,5,"Manufacturing,Retail,Technology",,,
gripping.rsvp,available,90,3%,8,"Entertainment,Media,Technology",,,
eleven.rsvp,available,88,33%,6,Mathematics,,,
activist.rsvp,available,88,12%,8,"Humanities,Politics",,,
adlib.rsvp,available,88,7%,6,Entertainment,,,
actionable.rsvp,available,88,13%,10,"Business,Law",,,
ace.rsvp,available,88,34%,3,Sports,,,
fifteen.rsvp,available,88,13%,7,Mathematics,,,
twelve.rsvp,available,88,18%,6,"General,Mathematics",,,
proficient.rsvp,available,88,8%,10,"Education,Health and Fitness,Sports",,,
wide.rsvp,available,88,18%,4,"Business,Media,Technology",,,
ten.rsvp,available,88,28%,3,"General,Mathematics",,,
hundred.rsvp,available,88,14%,7,Mathematics,,,
three.rsvp,available,88,24%,5,Mathematics,,,
sixteen.rsvp,available,88,11%,7,Mathematics,,,
aboriginal.rsvp,available,86,10%,10,Humanities,,,
xix.rsvp,available,86,11%,3,Mathematics,,,
engrossing.rsvp,available,86,0%,10,"Entertainment,Media,Technology",,,
xiv.rsvp,available,86,12%,3,Mathematics,,,
adolescent.rsvp,available,86,3%,10,"Education,Entertainment,Healthcare",,,
recondite.rsvp,available,86,4%,9,"Arts,Humanities,Science",,,
extempore.rsvp,available,86,3%,9,Entertainment,,,
star.rsvp,available,86,40%,4,"Entertainment,Media,Sports",,,
cipher.rsvp,available,86,29%,6,Mathematics,,,
attendant.rsvp,available,86,5%,9,"Healthcare,Hospitality,Transportation",,,
intent.rsvp,available,86,25%,6,"Business,Education,Technology",,,
seventeen.rsvp,available,84,7%,9,Mathematics,,,
acting.rsvp,available,84,12%,6,Entertainment,,,
fourteen.rsvp,available,84,8%,8,Mathematics,,,
nineteen.rsvp,available,84,8%,8,Mathematics,,,
adjustable.rsvp,available,84,3%,10,"Manufacturing,Retail,Technology",,,
grand.rsvp,available,84,25%,5,"Finance,General",,,
accessory.rsvp,available,84,8%,9,"Fashion,Retail,Technology",,,
thousand.rsvp,available,84,8%,8,Mathematics,,,
thirteen.rsvp,available,84,10%,8,Mathematics,,,
twentyone.rsvp,available,84,13%,10,Mathematics,,,
twentytwo.rsvp,available,84,11%,10,Mathematics,,,
deviate.rsvp,available,84,12%,7,"Medicine,Science",,,
sharp.rsvp,available,84,34%,5,"Arts,Fashion",,,
absorbent.rsvp,available,82,3%,9,"Healthcare,Manufacturing,Retail",,,
dozen.rsvp,available,82,10%,5,Mathematics,,,
decade.rsvp,available,82,10%,6,Mathematics,,,
abdominal.rsvp,available,82,1%,9,"Health and Fitness,Medicine",,,
altered.rsvp,available,82,9%,7,"Medicine,Science",,,
abenaki.rsvp,available,82,2%,7,Geography,,,
abroach.rsvp,available,82,1%,7,Food and Beverage,,,
abkhaz.rsvp,available,82,1%,6,Geography,,,
enduring.rsvp,available,82,9%,8,"Health and Fitness,Religion",,,
good.rsvp,available,82,47%,4,"Food and Beverage,General,Health and Fitness,Retail",,,
impromptu.rsvp,available,82,16%,9,Entertainment,,,
cleansing.rsvp,available,82,3%,9,Health and Fitness,,,
fivesome.rsvp,available,82,1%,8,Sports,,,
seventh.rsvp,available,80,10%,7,Mathematics,,,
adoptable.rsvp,available,80,3%,9,"Education,Healthcare",,,
two.rsvp,available,80,24%,3,Mathematics,,,
able.rsvp,available,80,29%,4,"Business,Education,General,Technology",,,
worshipful.rsvp,available,80,1%,10,"Education,Healthcare,Religion",,,
nine.rsvp,available,80,24%,4,"General,Mathematics",,,
wiz.rsvp,available,80,30%,3,"Business,Education,Technology",,,
yard.rsvp,available,80,26%,4,"Construction,General",,,
superstar.rsvp,available,80,18%,9,Entertainment,,,
dorsal.rsvp,available,80,6%,6,"Medicine,Science",,,
capable.rsvp,available,80,12%,7,"Business,Education,Technology",,,
abundant.rsvp,available,80,19%,8,"Agriculture,Manufacturing,Retail",,,
sequent.rsvp,available,80,7%,7,"Healthcare,Insurance,Transportation",,,
forty.rsvp,available,80,9%,5,Mathematics,,,
absolute.rsvp,available,80,25%,8,"Engineering,Mathematics,Science",,,
trio.rsvp,available,80,21%,4,Entertainment,,,
twenty.rsvp,available,80,12%,6,Mathematics,,,
absorbable.rsvp,available,80,0%,10,"Healthcare,Pharmaceuticals,Science",,,
some.rsvp,available,80,32%,4,"Business,Media,Retail",,,
first.rsvp,available,80,36%,5,"General,Mathematics",,,
absurd.rsvp,available,80,16%,6,"Arts,Entertainment,Media",,,
honestly.rsvp,available,78,9%,8,"Business,Law",,,
accidental.rsvp,available,78,11%,10,"Healthcare,Insurance,Transportation",,,
abounding.rsvp,available,78,2%,9,Agriculture,,,
dormant.rsvp,available,78,4%,7,"Medicine,Science",,,
absorptive.rsvp,available,78,1%,10,"Healthcare,Manufacturing,Retail",,,
adjacent.rsvp,available,78,9%,8,"Construction,Real Estate,Retail",,,
abkhazian.rsvp,available,78,1%,9,Geography,,,
recognized.rsvp,available,78,3%,10,"Business,Education,Technology",,,
adrenal.rsvp,available,78,4%,7,"Education,Healthcare,Science",,,
acceptant.rsvp,available,78,1%,9,"Education,Healthcare",,,
twentysix.rsvp,available,78,8%,10,Mathematics,,,
acceptable.rsvp,available,78,5%,10,"Business,Hospitality,Retail",,,
recognised.rsvp,available,78,3%,10,"Business,Education,Technology",,,
sixtynine.rsvp,available,78,8%,10,Mathematics,,,
accurate.rsvp,available,78,16%,8,"Engineering,Mathematics,Science",,,
abkhasian.rsvp,available,78,1%,9,Geography,,,
low.rsvp,available,78,20%,3,"Business,Finance",,,
adorable.rsvp,available,78,8%,8,"Entertainment,Fashion,Retail",,,
athletic.rsvp,available,78,15%,8,"Health and Fitness,Sports",,,
accepted.rsvp,available,78,6%,8,"Business,Education,Technology",,,
accessible.rsvp,available,78,21%,10,"Healthcare,Retail,Technology",,,
addable.rsvp,available,76,2%,7,"Engineering,Mathematics,Science",,,
eighteen.rsvp,available,76,7%,8,Mathematics,,,
fifteenth.rsvp,available,76,2%,9,Mathematics,,,
hundredth.rsvp,available,76,1%,9,Mathematics,,,
adaptable.rsvp,available,76,9%,9,"Business,Education,Technology",,,
energizing.rsvp,available,76,3%,10,"Food and Beverage,Health and Fitness,Travel",,,
incidental.rsvp,available,76,4%,10,"Healthcare,Insurance,Transportation",,,
adherent.rsvp,available,76,4%,8,"Politics,Religion",,,
resultant.rsvp,available,76,2%,9,"Healthcare,Insurance,Transportation",,,
acoustic.rsvp,available,76,14%,8,Science,,,
obscene.rsvp,available,76,5%,7,"Entertainment,Media",,,
diamond.rsvp,available,76,32%,7,Fashion,,,
firstrate.rsvp,available,76,6%,10,Business,,,
auxiliary.rsvp,available,76,7%,9,"Healthcare,Manufacturing,Technology",,,
nineteenth.rsvp,available,76,3%,10,Mathematics,,,
thousandth.rsvp,available,76,1%,10,Mathematics,,,
improvise.rsvp,available,76,4%,9,Entertainment,,,
adhesive.rsvp,available,76,7%,8,"Construction,Manufacturing,Technology",,,
ventral.rsvp,available,76,3%,7,Science,,,
thirteenth.rsvp,available,76,4%,10,Mathematics,,,
abrasive.rsvp,available,76,6%,8,"Construction,Manufacturing",,,
fourteenth.rsvp,available,76,1%,10,Mathematics,,,
ague.rsvp,available,76,2%,4,"Geography,Medicine,Science",,,
adaptive.rsvp,available,76,28%,8,"Business,Education,Technology",,,
ancillary.rsvp,available,76,6%,9,"Healthcare,Manufacturing,Technology",,,
adipose.rsvp,available,76,2%,7,"Healthcare,Science",,,
threed.rsvp,available,76,7%,7,Technology,,,
realizable.rsvp,available,74,1%,10,"Business,Education,Technology",,,
adamant.rsvp,available,74,14%,7,Religion,,,
single.rsvp,available,74,19%,6,Sports,,,
manageable.rsvp,available,74,4%,10,"Business,Education,Technology",,,
aberrant.rsvp,available,74,6%,8,"Medicine,Science",,,
adrenergic.rsvp,available,74,1%,10,"Education,Healthcare,Science",,,
sensation.rsvp,available,74,7%,9,"Entertainment,Media,Sports",,,
adapted.rsvp,available,74,6%,7,"Healthcare,Manufacturing,Technology",,,
cleared.rsvp,available,74,7%,7,"Healthcare,Law,Transportation",,,
adenoid.rsvp,available,74,1%,7,"Health and Fitness,Medicine,Science",,,
acuate.rsvp,available,74,2%,6,"Engineering,Medicine,Science",,,
playing.rsvp,available,74,12%,7,Entertainment,,,
admirable.rsvp,available,74,5%,9,"Business,Education,Healthcare",,,
skilful.rsvp,available,74,3%,7,"Education,Health and Fitness,Sports",,,
accepting.rsvp,available,74,3%,9,"Education,Healthcare",,,
mavin.rsvp,available,74,7%,5,"Entertainment,Fashion,Technology",,,
broad.rsvp,available,74,13%,5,"Entertainment,General,Media",,,
supra.rsvp,available,74,25%,5,"Medicine,Science",,,
activated.rsvp,available,74,9%,9,"Healthcare,Manufacturing,Technology",,,
abnormal.rsvp,available,74,16%,8,"Medicine,Science",,,
achievable.rsvp,available,74,4%,10,"Business,Education,Technology",,,
seventieth.rsvp,available,72,1%,10,Mathematics,,,
deep.rsvp,available,72,41%,4,"Engineering,Mathematics,Science",,,
sixtieth.rsvp,available,72,1%,8,Mathematics,,,
accustomed.rsvp,available,72,1%,10,"Business,Education,Humanities",,,
abreast.rsvp,available,72,2%,7,"Business,Technology",,,
lovely.rsvp,available,72,26%,6,"Entertainment,Fashion,Retail",,,
adjunctive.rsvp,available,72,1%,10,"Healthcare,Manufacturing,Technology",,,
ninetieth.rsvp,available,72,1%,9,Mathematics,,,
aching.rsvp,available,72,4%,6,Healthcare,,,
accusative.rsvp,available,72,0%,10,"Humanities,Law",,,
absolutist.rsvp,available,72,1%,10,"Humanities,Law,Politics",,,
existent.rsvp,available,72,3%,8,"Mathematics,Science",,,
improvize.rsvp,available,72,1%,9,Entertainment,,,
eightieth.rsvp,available,72,1%,9,Mathematics,,,
adjectival.rsvp,available,72,1%,10,Education,,,
adaptative.rsvp,available,72,1%,10,"Business,Education,Technology",,,
absorbed.rsvp,available,72,2%,8,"Entertainment,Media,Technology",,,
engrossed.rsvp,available,72,1%,9,"Entertainment,Media,Technology",,,
trey.rsvp,available,72,14%,4,Sports,,,
ternary.rsvp,available,72,7%,7,Mathematics,,,
adiabatic.rsvp,available,72,3%,9,"Engineering,Science",,,
trinity.rsvp,available,72,18%,7,Religion,,,
abloom.rsvp,available,72,5%,6,Agriculture,,,
adonic.rsvp,available,72,2%,6,"Arts,Education,Entertainment",,,
ablaze.rsvp,available,72,6%,6,Entertainment,,,
addicted.rsvp,available,72,9%,8,Healthcare,,,
champion.rsvp,available,72,28%,8,"Entertainment,Health and Fitness,Sports",,,
adored.rsvp,available,70,6%,6,"Entertainment,Fashion,Retail",,,
abulic.rsvp,available,70,1%,6,Medicine,,,
consequent.rsvp,available,70,3%,10,"Business,Education,General,Technology",,,
acuminate.rsvp,available,70,1%,9,"Engineering,Medicine,Science",,,
miserable.rsvp,available,70,4%,9,Humanities,,,
skillful.rsvp,available,70,9%,8,"Education,Health and Fitness,Sports",,,
adamantine.rsvp,available,70,4%,10,Religion,,,
abradant.rsvp,available,70,1%,8,"Construction,Manufacturing",,,
adjusted.rsvp,available,70,5%,8,"Manufacturing,Retail,Technology",,,
tiptop.rsvp,available,70,24%,6,Fashion,,,
unity.rsvp,available,70,40%,5,Mathematics,,,
offhand.rsvp,available,70,2%,7,Entertainment,,,
gymnastic.rsvp,available,70,3%,9,"Entertainment,Sports",,,
recumbent.rsvp,available,70,2%,9,"Healthcare,Medicine,Science",,,
absorbing.rsvp,available,70,3%,9,"Entertainment,Media,Technology",,,
accumbent.rsvp,available,70,1%,9,"Healthcare,Medicine,Science",,,
practiced.rsvp,available,70,3%,9,"Education,Health and Fitness,Sports",,,
lowdown.rsvp,available,70,6%,8,"Entertainment,Media",,,
stillborn.rsvp,available,70,2%,9,"Medicine,Science",,,
admired.rsvp,available,70,5%,7,"Business,Education,Healthcare",,,
aculeate.rsvp,available,68,1%,8,"Engineering,Medicine,Science",,,
threesome.rsvp,available,68,5%,9,Entertainment,,,
abducent.rsvp,available,68,0%,8,Medicine,,,
vindicated.rsvp,available,68,2%,10,"Humanities,Law,Politics",,,
stygian.rsvp,available,68,5%,7,Humanities,,,
accredited.rsvp,available,68,9%,10,"Business,Education,Healthcare",,,
fiftieth.rsvp,available,68,0%,8,Mathematics,,,
aroused.rsvp,available,68,3%,7,"Entertainment,Health and Fitness",,,
achaean.rsvp,available,68,2%,7,Humanities,,,
abnaki.rsvp,available,68,1%,6,Geography,,,
octonary.rsvp,available,68,1%,8,Mathematics,,,
aberdonian.rsvp,available,68,1%,10,Geography,,,
fortieth.rsvp,available,68,0%,8,Mathematics,,,
achaian.rsvp,available,68,2%,7,Humanities,,,
sevener.rsvp,available,68,1%,7,Mathematics,,,
decorated.rsvp,available,68,3%,9,"Entertainment,Fashion,Retail",,,
disciple.rsvp,available,68,14%,8,"Education,Religion",,,
overseas.rsvp,available,68,12%,8,"Hospitality,Travel",,,
septenary.rsvp,available,68,1%,9,Mathematics,,,
thirtieth.rsvp,available,68,1%,9,Mathematics,,,
scurvy.rsvp,available,68,3%,6,Humanities,,,
activating.rsvp,available,68,3%,10,"Healthcare,Manufacturing,Technology",,,
abkhas.rsvp,available,68,0%,6,Geography,,,
ablative.rsvp,available,68,3%,8,Science,,,
ane.rsvp,available,68,12%,3,Mathematics,,,
ennead.rsvp,available,68,5%,6,Mathematics,,,
licensed.rsvp,available,68,5%,8,"Business,Healthcare,Insurance",,,
foursome.rsvp,available,68,4%,8,Sports,,,
acerate.rsvp,available,68,1%,7,Science,,,
licenced.rsvp,available,68,2%,8,"Business,Healthcare,Insurance",,,
eighty.rsvp,available,66,6%,6,Mathematics,,,
xxvi.rsvp,available,66,3%,4,Mathematics,,,
four.rsvp,available,66,27%,4,Mathematics,,,
onec.rsvp,available,66,6%,5,Mathematics,,,
sextet.rsvp,available,66,1%,6,Entertainment,,,
century.rsvp,available,66,17%,7,Education,,,
thirty.rsvp,available,66,8%,6,Mathematics,,,
xvii.rsvp,available,66,5%,4,Mathematics,,,
xxi.rsvp,available,66,10%,3,Mathematics,,,
clv.rsvp,available,66,10%,3,Mathematics,,,
adorned.rsvp,available,66,5%,7,"Entertainment,Fashion,Retail",,,
xiii.rsvp,available,66,9%,4,Mathematics,,,
xxv.rsvp,available,66,6%,3,Mathematics,,,
exonerated.rsvp,available,66,2%,10,"Humanities,Law,Politics",,,
accessary.rsvp,available,66,1%,9,"Business,Law,Technology",,,
buzzing.rsvp,available,66,7%,7,"Entertainment,Media,Technology",,,
modish.rsvp,available,66,5%,6,Fashion,,,
fifty.rsvp,available,66,12%,5,Mathematics,,,
xvi.rsvp,available,66,5%,3,Mathematics,,,
acrobatic.rsvp,available,66,4%,9,"Entertainment,Sports",,,
tenner.rsvp,available,66,5%,6,Finance,,,
xviii.rsvp,available,66,5%,5,Mathematics,,,
performing.rsvp,available,66,6%,10,Entertainment,,,
maven.rsvp,available,66,30%,5,"Entertainment,Fashion,Technology",,,
teenager.rsvp,available,66,4%,8,"Education,Entertainment,Healthcare",,,
abstinent.rsvp,available,66,1%,9,"Health and Fitness,Religion",,,
adopted.rsvp,available,66,4%,7,"Education,Healthcare",,,
five.rsvp,available,66,26%,4,Mathematics,,,
latest.rsvp,available,66,18%,6,Technology,,,
xii.rsvp,available,66,10%,3,Mathematics,,,
xxii.rsvp,available,66,6%,4,Mathematics,,,
six.rsvp,available,66,26%,3,Mathematics,,,
according.rsvp,available,66,3%,9,"Business,Education,Technology",,,
acervate.rsvp,available,66,1%,8,Science,,,
acappella.rsvp,available,66,6%,10,Entertainment,,,
ninety.rsvp,available,66,11%,6,Mathematics,,,
deuce.rsvp,available,66,9%,5,Sports,,,
nondrinker.rsvp,available,64,1%,10,"Health and Fitness,Religion",,,
rising.rsvp,available,64,18%,6,"Construction,Manufacturing,Real Estate",,,
adagio.rsvp,available,64,14%,6,Entertainment,,,
acentric.rsvp,available,64,2%,8,Science,,,
astringent.rsvp,available,64,1%,10,"Healthcare,Pharmaceuticals",,,
accordant.rsvp,available,64,3%,9,"Arts,Entertainment",,,
ccc.rsvp,available,64,38%,3,Mathematics,,,
scatty.rsvp,available,64,1%,6,"Arts,Entertainment,Media",,,
deviant.rsvp,available,64,12%,7,"Medicine,Science",,,
absolved.rsvp,available,64,1%,8,"Humanities,Law,Religion",,,
aflame.rsvp,available,64,3%,6,Entertainment,,,
wrapped.rsvp,available,62,13%,7,"Fashion,Hospitality,Retail",,,
fortyfour.rsvp,available,62,6%,10,Mathematics,,,
abo.rsvp,available,62,15%,3,Science,,,
aborigine.rsvp,available,62,1%,9,Humanities,,,
longdozen.rsvp,available,62,2%,10,Mathematics,,,
quartet.rsvp,available,62,7%,7,"Arts,Entertainment",,,
troika.rsvp,available,62,8%,6,Politics,,,
aufait.rsvp,available,62,3%,7,"Fashion,Media",,,
playacting.rsvp,available,62,1%,10,Entertainment,,,
pungent.rsvp,available,62,1%,7,Food and Beverage,,,
activistic.rsvp,available,62,1%,10,"Humanities,Politics",,,
ensuant.rsvp,available,62,1%,7,"Healthcare,Insurance,Transportation",,,
roughly.rsvp,available,62,3%,7,"Business,Media,Technology",,,
accrued.rsvp,available,62,2%,7,"Banking,Finance,Insurance",,,
adjuvant.rsvp,available,62,5%,8,"Healthcare,Manufacturing,Technology",,,
adoptive.rsvp,available,62,1%,8,"Education,Healthcare",,,
eleventh.rsvp,available,62,5%,8,Mathematics,,,
twodozen.rsvp,available,62,1%,9,Mathematics,,,
nail.rsvp,available,62,16%,4,"Construction,Fashion,General,Retail",,,
exculpated.rsvp,available,62,1%,10,"Humanities,Law,Politics",,,
chiliad.rsvp,available,62,2%,7,Mathematics,,,
cumulative.rsvp,available,62,2%,10,"Banking,Finance,Insurance",,,
acidic.rsvp,available,62,5%,6,"Food and Beverage,Science",,,
admissible.rsvp,available,62,1%,10,"Education,Healthcare,Law",,,
sixteenth.rsvp,available,62,1%,9,Mathematics,,,
orso.rsvp,available,62,9%,5,"Business,Media,Technology",,,
eighteenth.rsvp,available,62,1%,10,Mathematics,,,
activation.rsvp,available,62,16%,10,"Healthcare,Manufacturing,Technology",,,
accusing.rsvp,available,62,1%,8,Law,,,
cxxv.rsvp,available,60,1%,4,Mathematics,,,
cxxxv.rsvp,available,60,2%,5,Mathematics,,,
eightysix.rsvp,available,60,7%,10,Mathematics,,,
clxv.rsvp,available,60,1%,4,Mathematics,,,
aboveboard.rsvp,available,60,5%,10,"Business,Law",,,
cxl.rsvp,available,60,7%,3,Mathematics,,,
idolised.rsvp,available,60,1%,8,"Entertainment,Fashion,Retail",,,
clxx.rsvp,available,60,3%,4,Mathematics,,,
xcl.rsvp,available,60,5%,3,Mathematics,,,
octet.rsvp,available,60,12%,5,Arts,,,
idolized.rsvp,available,60,3%,8,"Entertainment,Fashion,Retail",,,
abstemious.rsvp,available,60,0%,10,"Food and Beverage,Health and Fitness,Hospitality",,,
tertiary.rsvp,available,60,4%,8,Education,,,
abashed.rsvp,available,60,1%,7,Humanities,,,
clxxx.rsvp,available,60,1%,5,Mathematics,,,
clxxv.rsvp,available,60,1%,5,Mathematics,,,
cautionary.rsvp,available,60,1%,10,"Business,Education,Healthcare",,,
thou.rsvp,available,60,7%,4,Mathematics,,,
cxv.rsvp,available,60,4%,3,Mathematics,,,
acceptive.rsvp,available,60,1%,9,"Education,Healthcare",,,
sixty.rsvp,available,60,13%,5,Mathematics,,,
adnate.rsvp,available,60,1%,6,"Agriculture,Manufacturing,Retail",,,
abstainer.rsvp,available,60,0%,9,"Health and Fitness,Religion",,,
adnexal.rsvp,available,60,1%,7,"Agriculture,Manufacturing,Retail",,,
cxxx.rsvp,available,60,4%,4,Mathematics,,,
cxx.rsvp,available,60,10%,3,Mathematics,,,
annexal.rsvp,available,60,1%,7,"Agriculture,Manufacturing,Retail",,,
paunchy.rsvp,available,60,0%,7,"Health and Fitness,Medicine",,,
cxlv.rsvp,available,60,2%,4,Mathematics,,,
clx.rsvp,available,60,10%,3,Mathematics,,,
tercet.rsvp,available,59,2%,6,"Arts,Entertainment,Media",,,
centesimal.rsvp,available,58,1%,10,Mathematics,,,
actuarial.rsvp,available,58,8%,9,"Finance,Insurance,Mathematics",,,
seven.rsvp,available,58,36%,5,Mathematics,,,
tetrad.rsvp,available,58,5%,6,Mathematics,,,
linear.rsvp,available,58,22%,6,"Engineering,Mathematics,Science",,,
seventy.rsvp,available,58,7%,7,Mathematics,,,
hexad.rsvp,available,58,4%,5,Mathematics,,,
octad.rsvp,available,58,5%,5,Mathematics,,,
fourscore.rsvp,available,58,4%,9,Mathematics,,,
pentad.rsvp,available,58,2%,6,Mathematics,,,
sixer.rsvp,available,58,5%,5,Sports,,,
eighter.rsvp,available,58,2%,7,Mathematics,,,
abuzz.rsvp,available,58,5%,5,"Entertainment,Media,Technology",,,
cypher.rsvp,available,58,29%,6,Mathematics,,,
accretive.rsvp,available,58,6%,9,"Banking,Finance,Insurance",,,
closeto.rsvp,available,58,3%,8,"Business,Media,Technology",,,
niner.rsvp,available,58,5%,5,Mathematics,,,
addible.rsvp,available,58,2%,7,"Engineering,Mathematics,Science",,,
aucourant.rsvp,available,58,3%,10,"Fashion,Media",,,
alacarte.rsvp,available,58,11%,10,Food and Beverage,,,
sextuplet.rsvp,available,58,1%,9,Healthcare,,,
accented.rsvp,available,58,3%,8,"Arts,Entertainment",,,
adient.rsvp,available,58,4%,6,"Medicine,Science",,,
enwrapped.rsvp,available,58,0%,9,"Entertainment,Fashion,Media",,,
abused.rsvp,available,58,5%,6,"Healthcare,Law",,,
acetic.rsvp,available,58,1%,6,"Food and Beverage,Science",,,
abridged.rsvp,available,58,4%,8,Media,,,
twelfth.rsvp,available,58,2%,7,Mathematics,,,
super.rsvp,available,58,47%,5,Business,,,
accoutred.rsvp,available,58,1%,9,"Fashion,Manufacturing,Retail",,,
lxxviii.rsvp,available,58,1%,7,Mathematics,,,
ache.rsvp,available,58,7%,4,Healthcare,,,
adhoc.rsvp,available,58,24%,6,"Business,Engineering,Technology",,,
quintet.rsvp,available,58,8%,7,"Arts,Entertainment",,,
addressed.rsvp,available,58,3%,9,"Business,Technology,Telecommunications",,,
justabout.rsvp,available,58,3%,10,"Business,Media,Technology",,,
abandoned.rsvp,available,58,10%,9,"Construction,Real Estate",,,
sixtyone.rsvp,available,58,3%,9,Mathematics,,,
fifth.rsvp,available,58,12%,5,Mathematics,,,
heptad.rsvp,available,58,1%,6,Mathematics,,,
fourth.rsvp,available,58,13%,6,Mathematics,,,
adjustive.rsvp,available,58,1%,9,"Manufacturing,Retail,Technology",,,
lxxx.rsvp,available,58,2%,4,Mathematics,,,
acyclic.rsvp,available,58,4%,7,"Engineering,Mathematics,Science",,,
offhanded.rsvp,available,58,1%,9,Entertainment,,,
fortytwo.rsvp,available,56,17%,9,Mathematics,,,
admittable.rsvp,available,56,1%,10,"Education,Healthcare,Hospitality",,,
fiftytwo.rsvp,available,56,6%,9,Mathematics,,,
ilx.rsvp,available,56,5%,3,Mathematics,,,
xxxiii.rsvp,available,56,2%,6,Mathematics,,,
xliv.rsvp,available,56,2%,4,Mathematics,,,
xxxi.rsvp,available,56,9%,4,Mathematics,,,
xlii.rsvp,available,56,5%,4,Mathematics,,,
thirtytwo.rsvp,available,56,5%,10,Mathematics,,,
xxxvii.rsvp,available,56,2%,6,Mathematics,,,
potbellied.rsvp,available,56,0%,10,"Health and Fitness,Medicine",,,
admittible.rsvp,available,56,1%,10,"Education,Healthcare,Hospitality",,,
fiftyone.rsvp,available,56,7%,9,Mathematics,,,
maledict.rsvp,available,56,1%,8,Religion,,,
admissive.rsvp,available,56,1%,9,"Education,Healthcare,Hospitality",,,
xxxv.rsvp,available,56,4%,4,Mathematics,,,
xxix.rsvp,available,56,4%,4,Mathematics,,,
lvi.rsvp,available,56,8%,3,Mathematics,,,
xxviii.rsvp,available,56,1%,6,Mathematics,,,
xlviii.rsvp,available,56,1%,6,Mathematics,,,
xliii.rsvp,available,56,1%,5,Mathematics,,,
xxxiv.rsvp,available,56,1%,5,Mathematics,,,
xxxviii.rsvp,available,56,1%,7,Mathematics,,,
terzetto.rsvp,available,56,3%,8,Arts,,,
xxiv.rsvp,available,56,5%,4,Mathematics,,,
lvii.rsvp,available,56,1%,4,Mathematics,,,
thirtysix.rsvp,available,56,5%,10,Mathematics,,,
abeyant.rsvp,available,56,1%,7,"Business,Law",,,
abdominous.rsvp,available,56,0%,10,"Health and Fitness,Medicine",,,
fiftysix.rsvp,available,56,4%,9,Mathematics,,,
fiftyfive.rsvp,available,56,7%,10,Mathematics,,,
fiftyfour.rsvp,available,56,3%,10,Mathematics,,,
triad.rsvp,available,56,15%,5,Arts,,,
fortysix.rsvp,available,56,3%,9,Mathematics,,,
fortyone.rsvp,available,56,4%,9,Mathematics,,,
xli.rsvp,available,56,5%,3,Mathematics,,,
aone.rsvp,available,56,15%,5,Food and Beverage,,,
xxiii.rsvp,available,56,5%,5,Mathematics,,,
fiftynine.rsvp,available,56,4%,10,Mathematics,,,
lii.rsvp,available,56,7%,3,Mathematics,,,
thirtyone.rsvp,available,56,5%,10,Mathematics,,,
xxxvi.rsvp,available,56,1%,5,Mathematics,,,
xlv.rsvp,available,56,6%,3,Mathematics,,,
xxxii.rsvp,available,56,1%,5,Mathematics,,,
halfdozen.rsvp,available,56,1%,10,Mathematics,,,
appressed.rsvp,available,56,0%,9,"Agriculture,Manufacturing,Retail",,,
xxvii.rsvp,available,56,3%,5,Mathematics,,,
liii.rsvp,available,56,4%,4,Mathematics,,,
fortynine.rsvp,available,56,3%,10,Mathematics,,,
lviii.rsvp,available,56,1%,5,Mathematics,,,
addled.rsvp,available,56,2%,6,Entertainment,,,
accoutered.rsvp,available,56,0%,10,"Fashion,Manufacturing,Retail",,,
xlvi.rsvp,available,56,3%,4,Mathematics,,,
xlvii.rsvp,available,56,2%,5,Mathematics,,,
fortyfive.rsvp,available,54,4%,10,Mathematics,,,
abaxial.rsvp,available,54,1%,7,Science,,,
adaxial.rsvp,available,54,2%,7,Science,,,
topnotch.rsvp,available,54,18%,8,Business,,,
monitory.rsvp,available,54,3%,8,"Business,Education,Healthcare",,,
adducting.rsvp,available,54,1%,9,"Engineering,Mathematics,Science",,,
achy.rsvp,available,54,3%,4,Healthcare,,,
accursed.rsvp,available,54,3%,8,"Entertainment,Media,Religion",,,
acoustical.rsvp,available,54,4%,10,Science,,,
adductive.rsvp,available,54,0%,9,"Engineering,Mathematics,Science",,,
viii.rsvp,available,54,6%,4,Mathematics,,,
aboral.rsvp,available,54,2%,6,Science,,,
ternion.rsvp,available,54,3%,7,Mathematics,,,
actuated.rsvp,available,54,2%,8,"Automotive,Manufacturing,Technology",,,
abatic.rsvp,available,54,1%,6,Science,,,
abient.rsvp,available,54,1%,6,Science,,,
achromatic.rsvp,available,54,4%,10,Science,,,
adpressed.rsvp,available,54,0%,9,"Agriculture,Manufacturing,Retail",,,
abasic.rsvp,available,54,1%,6,Science,,,
iii.rsvp,available,54,24%,3,Mathematics,,,
abhorrent.rsvp,available,54,1%,9,Humanities,,,
deserted.rsvp,available,54,3%,8,"Hospitality,Real Estate",,,
scratchy.rsvp,available,54,3%,8,Fashion,,,
quatern.rsvp,available,54,2%,7,Mathematics,,,
quaternion.rsvp,available,54,6%,10,Mathematics,,,
abducens.rsvp,available,54,1%,8,Medicine,,,
sise.rsvp,available,54,5%,4,Mathematics,,,
adjuratory.rsvp,available,54,0%,10,"Law,Politics,Religion",,,
twoscore.rsvp,available,54,2%,8,Mathematics,,,
threescore.rsvp,available,54,1%,10,Mathematics,,,
quaternity.rsvp,available,54,4%,10,Mathematics,,,
deuceace.rsvp,available,54,2%,9,Sports,,,
adducent.rsvp,available,54,1%,8,"Engineering,Mathematics,Science",,,
quintuplet.rsvp,available,54,1%,10,"Healthcare,Medicine,Science",,,
accentual.rsvp,available,54,3%,9,"Arts,Entertainment",,,
fin.rsvp,available,54,30%,3,Finance,,,
unnatural.rsvp,available,54,4%,9,"Medicine,Science",,,
quadruplet.rsvp,available,54,1%,10,"Healthcare,Medicine,Science",,,
abatable.rsvp,available,54,1%,8,Law,,,
admonitory.rsvp,available,54,0%,10,"Business,Education,Healthcare",,,
vii.rsvp,available,54,13%,3,Mathematics,,,
sestet.rsvp,available,53,1%,6,Arts,,,
xxx.rsvp,available,53,30%,3,"Arts,Entertainment,Media",,,
septet.rsvp,available,53,1%,6,General,,,
lxxxv.rsvp,available,52,1%,5,Mathematics,,,
xcv.rsvp,available,52,7%,3,Mathematics,,,
xcvii.rsvp,available,52,1%,5,Mathematics,,,
aboulic.rsvp,available,52,1%,7,Medicine,,,
chagrined.rsvp,available,52,1%,9,Humanities,,,
lxxvi.rsvp,available,52,1%,5,Mathematics,,,
abstruse.rsvp,available,52,5%,8,"Humanities,Mathematics,Science",,,
lxiv.rsvp,available,52,3%,4,Mathematics,,,
lxxxiii.rsvp,available,52,1%,7,Mathematics,,,
lxvi.rsvp,available,52,3%,4,Mathematics,,,
lxxxvii.rsvp,available,52,1%,7,Mathematics,,,
ixl.rsvp,available,52,9%,3,Mathematics,,,
ablated.rsvp,available,52,1%,7,Science,,,
littlejoe.rsvp,available,52,2%,10,"Entertainment,Media",,,
xci.rsvp,available,52,4%,3,Mathematics,,,
xciv.rsvp,available,52,2%,4,Mathematics,,,
lxxiii.rsvp,available,52,1%,6,Mathematics,,,
lxxxvi.rsvp,available,52,1%,6,Mathematics,,,
xcviii.rsvp,available,52,1%,6,Mathematics,,,
lxxxiv.rsvp,available,52,1%,6,Mathematics,,,
ninetytwo.rsvp,available,52,4%,10,Mathematics,,,
abysmal.rsvp,available,52,4%,7,"Arts,Entertainment,Media",,,
eightyone.rsvp,available,52,3%,10,Mathematics,,,
lxviii.rsvp,available,52,1%,6,Mathematics,,,
detestable.rsvp,available,52,1%,10,Humanities,,,
sixtysix.rsvp,available,52,4%,9,Mathematics,,,
lxxiv.rsvp,available,52,1%,5,Mathematics,,,
lxxvii.rsvp,available,52,2%,6,Mathematics,,,
xcvi.rsvp,available,52,2%,4,Mathematics,,,
abusive.rsvp,available,52,3%,7,"Healthcare,Law",,,
ninetyone.rsvp,available,52,5%,10,Mathematics,,,
uphill.rsvp,available,52,7%,6,"Sports,Transportation,Travel",,,
lxxxi.rsvp,available,52,1%,5,Mathematics,,,
lxxv.rsvp,available,52,1%,4,Mathematics,,,
ninetysix.rsvp,available,52,4%,10,Mathematics,,,
lxii.rsvp,available,52,1%,4,Mathematics,,,
adenoidal.rsvp,available,52,1%,9,"Health and Fitness,Medicine,Science",,,
decumbent.rsvp,available,52,1%,9,"Healthcare,Medicine,Science",,,
sixtytwo.rsvp,available,52,3%,9,Mathematics,,,
eightytwo.rsvp,available,52,4%,10,Mathematics,,,
ixc.rsvp,available,52,5%,3,Mathematics,,,
lxi.rsvp,available,52,5%,3,Mathematics,,,
repulsive.rsvp,available,52,1%,9,Humanities,,,
xciii.rsvp,available,52,1%,5,Mathematics,,,
repugnant.rsvp,available,52,1%,9,Humanities,,,
xcii.rsvp,available,52,2%,4,Mathematics,,,
lxv.rsvp,available,52,5%,3,Mathematics,,,
lxxxii.rsvp,available,52,1%,6,Mathematics,,,
odious.rsvp,available,52,2%,6,"Entertainment,Humanities",,,
lxxi.rsvp,available,52,1%,4,Mathematics,,,
lxiii.rsvp,available,52,2%,5,Mathematics,,,
tierce.rsvp,available,52,3%,6,General,,,
lxxii.rsvp,available,52,1%,5,Mathematics,,,
sixtyfive.rsvp,available,52,3%,10,Mathematics,,,
abominable.rsvp,available,52,2%,10,"Entertainment,Humanities",,,
lxvii.rsvp,available,52,1%,5,Mathematics,,,
sixtyfour.rsvp,available,52,3%,10,Mathematics,,,
abomasal.rsvp,available,50,0%,8,Agriculture,,,
lxx.rsvp,available,50,5%,3,Mathematics,,,
acetous.rsvp,available,50,1%,7,Science,,,
adhominem.rsvp,available,50,2%,10,"Humanities,Law,Politics",,,
abdicable.rsvp,available,50,0%,9,Law,,,
trine.rsvp,available,50,11%,5,"General,Religion",,,
abranchial.rsvp,available,50,0%,10,Science,,,
vinegary.rsvp,available,50,1%,8,Food and Beverage,,,
scummy.rsvp,available,50,1%,6,Humanities,,,
ogdoad.rsvp,available,50,1%,6,Mathematics,,,
broached.rsvp,available,50,0%,8,Food and Beverage,,,
abducting.rsvp,available,50,0%,9,Medicine,,,
triplet.rsvp,available,50,8%,7,Science,,,
acerb.rsvp,available,50,2%,5,Science,,,
aculeated.rsvp,available,50,0%,9,"Engineering,Medicine,Science",,,
acerbic.rsvp,available,50,2%,7,"Arts,Humanities,Media",,,
needlelike.rsvp,available,50,0%,10,"Engineering,Medicine,Science",,,
acerose.rsvp,available,50,1%,7,Science,,,
aborticide.rsvp,available,50,0%,10,Medicine,,,
acetose.rsvp,available,50,1%,7,Science,,,
abactinal.rsvp,available,50,0%,9,Science,,,
acquitted.rsvp,available,50,1%,9,Law,,,
cinque.rsvp,available,50,7%,6,Mathematics,,,
acellular.rsvp,available,50,1%,9,Science,,,
spinous.rsvp,available,50,1%,7,"Agriculture,Science",,,
acapnotic.rsvp,available,50,0%,9,"Healthcare,Medicine,Science",,,
acaudal.rsvp,available,50,1%,7,"Agriculture,Science",,,
acapnic.rsvp,available,50,0%,7,"Healthcare,Medicine,Science",,,
abbatial.rsvp,available,50,0%,8,Religion,,,
quint.rsvp,available,50,13%,5,"Arts,Entertainment",,,
gillless.rsvp,available,50,0%,9,Science,,,
adactylous.rsvp,available,50,0%,10,Science,,,
lxxxviii.rsvp,available,48,1%,8,Mathematics,,,
abyssal.rsvp,available,48,12%,7,"Arts,Entertainment,Media",,,
ilxx.rsvp,available,48,1%,4,Mathematics,,,
ilxxx.rsvp,available,48,1%,5,Mathematics,,,
apriori.rsvp,available,48,13%,8,Mathematics,,,
abstracted.rsvp,available,48,5%,10,"Arts,Humanities,Science",,,
notguilty.rsvp,available,48,5%,10,Law,,,
execrable.rsvp,available,48,0%,9,"Entertainment,Humanities",,,
acicular.rsvp,available,46,2%,8,Science,,,
acapnial.rsvp,available,46,0%,8,"Healthcare,Medicine,Science",,,
acanthotic.rsvp,available,46,0%,10,"Agriculture,Science",,,
achromic.rsvp,available,46,2%,8,Science,,,
acaudate.rsvp,available,46,1%,8,"Agriculture,Science",,,
acetabular.rsvp,available,46,1%,10,Science,,,
acheronian.rsvp,available,46,1%,10,Humanities,,,
cotyloid.rsvp,available,46,1%,8,Science,,,
stemless.rsvp,available,46,2%,8,"Agriculture,Science",,,
acarpous.rsvp,available,46,0%,8,"Agriculture,Science",,,
theabsurd.rsvp,available,46,1%,10,"Arts,Entertainment,Media",,,
achromous.rsvp,available,46,1%,9,Science,,,
achenial.rsvp,available,46,1%,8,Science,,,
acetylic.rsvp,available,46,1%,8,Science,,,
acarpelous.rsvp,available,46,0%,10,"Agriculture,Science",,,
acanthous.rsvp,available,46,0%,9,"Agriculture,Science",,,
quaternary.rsvp,available,46,3%,10,Mathematics,,,
vinegarish.rsvp,available,46,1%,10,Food and Beverage,,,
stripling.rsvp,available,46,2%,9,"Education,Entertainment,Healthcare",,,
acephalous.rsvp,available,46,1%,10,Science,,,
acanthoid.rsvp,available,46,1%,9,"Agriculture,Science",,,
acetonic.rsvp,available,46,1%,8,Science,,,
acetylenic.rsvp,available,46,1%,10,Science,,,
accusatory.rsvp,available,44,1%,10,Law,,,
cotyloidal.rsvp,available,44,1%,10,Science,,,
acherontic.rsvp,available,44,1%,10,Humanities,,,
phoebe.rsvp,available,41,14%,6,Science,,,
abscessed.rsvp,available,41,0%,9,Healthcare,,,
accusive.rsvp,available,40,1%,8,Law,,,
accurst.rsvp,available,40,1%,7,Religion,,,
scurrilous.rsvp,available,40,1%,10,"Entertainment,Media,Politics",,,